clark-pra-79-30303	87	Clark2009,
hall-prl-106-53901	210	Hall2011,
polit-s-320-646	478	Politi2008,
matth-np-3-346	368	Matthews2009,
smith-oe17-13516	559	Smith2009,
polit-s-325-1221	481	Politi2009a,
sanso-prl-105-200503	545	Sansoni2010,
laing-apl-97-211109	287	Laing2010a,
peruzz-nc-2-224	459	Peruzzo2011,
honjo-ol-23-2797	236	Honjo2004,
matth-np-3-346	368	Matthews2009,
Nielsen2004	414	Nielsen2004,
Ralph2002	503	Ralph2002,
hofman-pra-2-024308	231	Hofmann2002,
matth-np-3-346	368	Matthews2009,
reck-prl-73-58	515	Reck1994,
laing-apl-97-211109	287	Laing2010a,
hong-prl-59-2044	233	Hong1987,
burnh-prl-25-84	57	Burnham1970,
natar-apl-96-211101	405	Natarajan2010,
james-pra-64-52312	248	James2001,
niels-a	-1	2007b,
